0.490814,0.095404,5,1.425161,0.916845
0.292311,0.067485,4.737737,1.507628,0.923674
0.096593,0.025882,4.281644,1.607138,0.952454
0.047815,0.014619,3.866786,1.71659,0.98295
0.186716,0.071674,3.175022,1.95697,1.006876
0,0,2.902993,2.111362,1.042906
0.267302,0.136197,2.514292,2.51995,1.074193
0.128575,0.077256,2.261629,3.089884,1.144041
0.040958,0.028679,2.071348,4.027954,1.237362
0.319454,0.240726,1.969966,4.692038,1.285914
0.279522,0.210635,2.036445,4.817318,1.321202
0.209668,0.13616,2.380843,3.811478,1.299454
0.128575,0.077256,2.594634,3.463499,1.288256
0.286703,0.200752,2.363062,4.499682,1.385126
0.155429,0.125864,2.209661,5,1.510576
0.339619,0.295227,2.15099,5,1.59119
0.399318,0.300908,2.44495,5,1.543317
0.083867,0.054464,2.859823,4.450514,1.524813
0,0,3.119201,4.083307,1.518284
0.409576,0.286788,2.803933,5,1.606425
0.327661,0.229431,2.852645,5,1.643159
0.209668,0.13616,3.096836,4.773611,1.633499
0,0,3.19631,4.897828,1.674828
0.167734,0.108928,3.245779,5,1.691064
0.25715,0.154511,3.433519,4.421849,1.649177
0,0,4.017679,3.714906,1.604352
0.445503,0.226995,4.076558,3.757495,1.619638
0.131193,0.072721,3.795737,4.097941,1.655062
0.43731,0.242405,3.91246,4.200102,1.69161
0.453154,0.211309,4.667267,3.609869,1.655843
0.317208,0.147916,4.886587,3.689897,1.700715
0.43731,0.242405,4.387038,4.503932,1.814703
0.131193,0.072721,4.534101,4.627642,1.863548
0.311852,0.158897,5,4.291009,1.851495
0.400953,0.204296,5,4.346293,1.875739
0.300009,0.180263,4.584436,5,2.004252
0.335468,0.217856,4.392685,5,2.081605
0.087462,0.048481,5,5,2.030922
0.43731,0.242405,5,5,2.058285
0.300009,0.180263,4.869434,5,2.11114
0.428584,0.257519,5,5,2.163422
0.178201,0.090798,5,4.89682,2.11862
0.045315,0.021131,5,4.552828,2.103106
0,0,5,5,2.201605
0.419335,0.27232,5,5,2.309789
0.16383,0.114715,4.746439,5,2.370573
0.385725,0.231767,5,5,2.300717
0.300009,0.180263,5,5,2.338186
0.251601,0.163392,5,5,2.422903
0.349848,0.193924,5,5,2.352303
0.271892,0.126785,5,5,2.29645
0.09205,0.039073,5,4.651589,2.274793
0.089101,0.045399,5,5,2.377632
0.311852,0.158897,5,5,2.388168
0.271892,0.126785,5,5,2.348067
0.280074,0.10751,5,4.46067,2.298913
0.233395,0.089592,5,4.498511,2.320891
0.230126,0.097683,5,4.839639,2.370022
0.311852,0.158897,5,5,2.480936
0.178201,0.090798,5,5,2.512718
0.181262,0.084524,5,5,2.483037
0.186716,0.071674,2.248302,4.695404,2.418965
0.140037,0.053755,2.212227,4.719137,2.433617
0.276151,0.117219,2.256802,5,2.480456
0.414227,0.175829,2.214934,5,2.500596
0.472759,0.162784,2.128615,4.538467,2.455288
0.09563,0.029237,2.090423,4.316313,2.438845
0.186716,0.071674,2.120023,4.892674,2.525821
0.046679,0.017918,2.107814,5,2.53803
0,0,2.07458,4.652997,2.509322
0.482963,0.12941,1.99009,4.162588,2.450064
0.434667,0.116469,1.978446,4.178689,2.461708
0.191261,0.058474,1.983495,4.436325,2.503946
0,0,2.00857,5,2.594428
0.46679,0.179184,2.000893,5,2.602105
0.047276,0.016278,1.97659,4.754891,2.565008
0.096593,0.025882,1.9189,4.265077,2.521254
0.292311,0.067485,1.902423,4.061217,2.496998
0.438467,0.101228,1.892145,4.069667,2.507276
0.345691,0.054752,1.854555,3.763221,2.482037
0.049627,0.006093,1.880661,3.601059,2.473734
0.199726,0.010467,1.989092,3.378752,2.457358
0.449931,-0.007854,5,3.169942,2.449581
0.149794,-0.00785,5,3.079361,2.449759
0.449931,0.007854,5,3.265569,2.449233
0.099619,0.008716,2.834596,3.50104,2.466566
0.496273,0.060935,2.214263,3.614087,2.482685
0.149794,0.00785,5,3.392097,2.467131
0.34952,0.018318,5,3.396034,2.470014
0.298858,0.026147,5,3.519654,2.479778
0.395075,0.062574,3.037244,3.798648,2.514305
0.44446,0.070396,3.530998,3.822618,2.526784
0.397018,0.048748,5,3.688105,2.517474
0.446646,0.054841,5,3.699279,2.526512
0.196325,0.038162,3.930813,4.036373,2.573465
0.243593,0.056238,3.498044,4.244807,2.605041
0.44446,0.070396,5,3.891206,2.572343
0.246922,0.039109,5,3.890981,2.581855
0.441732,0.085864,5,4.087751,2.608397
0.38637,0.103528,3.887213,4.532032,2.67361
0.144889,0.038823,4.202951,4.579672,2.697775
0.389748,0.08998,5,4.361008,2.681287
0.345691,0.054752,5,4.009685,2.649319
0.249049,0.021789,5,3.732608,2.630934
0.34952,0.018318,5,3.607172,2.624642
0.19997,-0.00349,5,3.386586,2.617971
0.348668,-0.030505,5,3.201626,2.621136
0.347391,-0.042654,5,3.120776,2.62687
0.392651,-0.076324,5,2.973738,2.642345
0.241481,-0.064705,5,2.84583,2.6659
0.047815,-0.014619,5,2.787702,2.680572
0.487185,-0.112476,5,2.876708,2.624822
0.345691,-0.054752,5,2.985238,2.58208
0.397018,-0.048748,5,3.045824,2.563538
0,0,5,2.900972,2.577512
0.294488,-0.057243,5,2.892246,2.569736
0.493844,-0.078217,5,2.954932,2.555779
0.395075,-0.062574,5,2.942348,2.544858
0.438467,-0.101228,2.557548,2.806133,2.560285
0.193185,-0.051764,2.098821,2.745603,2.571859
0.094552,-0.032557,1.460793,2.640948,2.606377
0.184101,-0.078146,1.247165,2.562808,2.664459
0.135946,-0.063393,1.231553,2.53113,2.701283
0.46679,-0.179184,1.244794,2.575119,2.608403
0.140037,-0.053755,1.225143,2.552217,2.585208
0.230126,-0.097683,1.201313,2.502374,2.601675
0.094552,-0.032557,1.218904,2.552356,2.518903
0.482963,-0.12941,1.217381,2.622835,2.456669
0.389748,-0.08998,1.246806,2.668253,2.434202
0.478152,-0.146186,1.154292,2.553115,2.454767
0.233395,-0.089592,1.199396,2.450725,2.482418
0,0,1.196928,2.402026,2.497424
0.23638,-0.081392,1.209291,2.454977,2.422753
0.482963,-0.12941,1.18338,2.526667,2.366436
0.292311,-0.067485,1.176032,2.566077,2.340767
0.487185,-0.112476,1.152398,2.547029,2.323349
0.143446,-0.043856,1.181586,2.437851,2.343818
0,0,1.214642,2.385288,2.353945
0.338074,-0.090587,1.186107,2.457558,2.301593
0.490814,-0.095404,1.16788,2.544473,2.259875
0.246922,-0.039109,1.164067,2.592288,2.241057
0.292311,-0.067485,1.199952,2.472579,2.255269
0.438467,-0.101228,1.213692,2.457553,2.241529
0.490814,-0.095404,1.208025,2.499417,2.21973
0.198509,-0.024374,1.204627,2.594944,2.182559
0.446646,-0.054841,1.212523,2.5856,2.174663
0.246922,-0.039109,1.224218,2.522977,2.180906
0.148153,-0.023465,1.296923,2.509199,2.168949
0.348668,-0.030505,1.245131,2.627172,2.148773
0.099863,-0.005234,1.220445,2.697689,2.144523
0.397018,-0.048748,1.29715,2.556988,2.150486
0.34357,-0.066783,1.325908,2.435712,2.162969
0.194874,-0.04499,1.347213,2.37888,2.169586
0.44446,-0.070396,1.333926,2.466562,2.131946
0.199239,-0.017431,1.324856,2.579047,2.109201
0.249657,-0.013084,1.322621,2.645054,2.102429
0.049627,-0.006093,1.340028,2.506243,2.107608
0.347391,-0.042654,1.343886,2.501677,2.10375
0.199239,-0.017431,1.336486,2.564903,2.097571
0.499924,-0.008726,1.329997,2.708043,2.090563
0.299954,-0.005236,1.329473,2.708717,2.091087
0.399452,-0.020934,1.334748,2.629891,2.090303
0.397018,-0.048748,1.354074,2.48962,2.093563
0,0,1.365289,2.476346,2.082347
0.348668,-0.030505,1.362093,2.533762,2.071964
0.149977,-0.002618,1.353245,2.678133,2.067316
0.449931,-0.007854,1.353594,2.677684,2.066967
0,0,1.358286,2.600458,2.066765
0.049627,-0.006093,1.395185,2.464813,2.072602
0.248137,-0.030467,1.395973,2.463881,2.071814
0.398478,-0.034862,1.368306,2.526207,2.065752
0.19997,-0.00349,1.361876,2.667029,2.058685
0,0,1.382228,2.66658,2.058336
0.299589,-0.015701,1.387042,2.589543,2.058036
0.199239,-0.017431,1.433524,2.520139,2.060762
0.099985,-0.001745,1.386239,2.661419,2.054325
0.099985,0.001745,1.38397,2.745395,2.056594
0.449931,-0.007854,1.386414,2.661195,2.05415
0.299589,-0.015701,1.431113,2.584522,2.05402
0.34952,-0.018318,1.43609,2.578299,2.049043
0.449931,-0.007854,1.433135,2.652555,2.047435
0.049992,0.000873,1.431128,2.735921,2.049442
0.149977,-0.002618,1.432961,2.65278,2.047609
0.149977,-0.002618,1.433833,2.651657,2.046737
0.399939,0.006981,1.431477,2.735459,2.049093
0.399452,0.020934,1.430499,2.828851,2.054633
0.399939,0.006981,1.429121,2.738579,2.051449
0.449383,-0.023551,1.436264,2.57808,2.048868
0.199239,-0.017431,1.444815,2.506407,2.049471
0,0,1.442288,2.570548,2.042845
0.399939,-0.006981,1.438802,2.645263,2.041767
0.399452,0.020934,1.434776,2.823011,2.050357
0.398478,0.034862,1.433877,2.928833,2.060409
0.198509,0.024374,1.433491,3.023773,2.074596
0.296307,0.04693,1.43362,3.172152,2.092999
0.197538,0.031287,1.424657,3.189631,2.101963
0.347391,0.042654,1.414932,3.060678,2.093155
0.199239,0.017431,1.40944,2.963261,2.084846
0.099255,0.012187,1.409402,3.074661,2.098684
0.441732,0.085864,1.417182,3.362745,2.132818
0.34103,0.078733,1.424119,3.481483,2.154258
0.490814,0.095404,1.404926,3.370899,2.145075
0.098769,0.015643,1.431854,3.222629,2.135264
0.292311,0.067485,1.39689,3.309434,2.181487
0.144889,0.038823,1.40528,3.211082,2.206653
0.191261,0.058474,1.409975,3.098516,2.240912
0.378207,0.130227,1.420271,2.965247,2.27523
0.276151,0.117219,1.434443,2.784314,2.368545
0.045315,0.021131,1.433876,2.694435,2.427568
0.04455,0.0227,1.449141,2.621333,2.488359
0,0,1.473489,2.578069,2.542655
0.419335,0.27232,1.533981,2.509363,2.665457
0,0,1.570981,2.483247,2.734716
0.159727,0.120363,1.576116,2.398254,2.846871
0,0,1.620639,2.379819,2.931842
0.310858,0.251728,1.604443,2.363985,2.948037
0.399318,0.300908,1.560356,2.382302,2.862631
0.286703,0.200752,1.491218,2.391681,2.814479
0.279522,0.210635,1.494304,2.307482,2.928683
0.037735,0.032803,1.526358,2.239575,3.184895
0.255974,0.238699,1.545197,2.242002,3.275858
0.075471,0.065606,1.491415,2.209128,3.222544
0.349716,0.283194,1.417638,2.196364,3.136829
0.081915,0.057358,1.302636,2.18845,3.003061
0.251601,0.163392,1.2888,2.15214,2.958333
0.081915,0.057358,1.264477,2.141605,3.041219
0.159727,0.120363,1.276103,2.096913,3.163293
0.041934,0.027232,1.240934,2.113103,3.006199
0.214292,0.12876,1.201233,2.099667,2.948641
0.293535,0.190624,1.224876,2.091082,3.022258
0.327661,0.229431,1.237888,2.047426,3.127712
0.409576,0.286788,1.183993,1.984672,3.175469
0.167734,0.108928,1.128644,1.971509,3.120138
0.342867,0.206015,1.073303,1.951,3.09828
0.131193,0.072721,1.051886,1.959159,3.022751
0.251601,0.163392,1.073127,1.901532,3.202388
0.081915,0.057358,1.074282,1.889152,3.178646
0.039932,0.030091,1.076837,1.846647,2.976712
0.409576,0.286788,1.049866,1.855442,3.111424
0.122873,0.086036,1.025451,1.807789,3.034683
0,0,1.001709,1.749176,2.744245
0.409576,0.286788,1.001035,1.752985,2.931936
0,0,1.001709,1.736881,2.724339
0.037735,0.032803,1.00701,1.651581,2.446724
0.036568,0.0341,1.039169,1.663348,2.345738
0.035355,0.035355,1.074802,1.733791,2.269631
0.255974,0.238699,1.039169,1.696402,2.335192
0,0,1.003672,1.624321,2.477716
0.319454,0.240726,0.92658,1.609213,2.550871
0.116572,0.094398,0.952202,1.596612,2.44054
0.037735,0.032803,0.954009,1.615587,2.294506
0.070711,0.070711,0.989949,2.071152,2.118493
0.1364,0.146271,0.984476,2.500809,2.041689
0.282843,0.282843,0.989949,2.075172,2.103848
0.146271,0.1364,0.929783,1.650093,2.134261
0.365677,0.340999,0.87509,1.981605,2.073192
0.318198,0.318198,0.905097,2.315424,2.000445
0.272799,0.292541,0.87509,4.618896,1.856699
0.318198,0.318198,0.802806,3.098692,1.907043
0.113206,0.098409,0.80694,2.153523,1.941328
0.077715,0.062932,0.770564,1.889893,1.992023
0.239591,0.180545,0.790757,1.805826,2.046036
0,0,0.805957,1.566304,2.159817
0.204788,0.143394,0.83484,1.632787,2.113464
0.079864,0.060182,0.802966,1.826968,2.008311
0.155429,0.125864,0.807438,2.084463,1.841673
0,0,0.832203,1.812621,1.963639
0.159727,0.120363,0.833701,1.872932,1.937098
0.116572,0.094398,0.825477,2.139776,1.803943
0.301884,0.262424,0.793859,2.718203,1.726467
0.194286,0.15733,0.822739,2.257314,1.774901
0.122873,0.086036,0.994765,1.856268,1.845713
0.293535,0.190624,1.080984,1.724442,1.954612
0.204788,0.143394,1.038439,1.937688,1.802039
0.079864,0.060182,1.027152,2.244894,1.697342
0.339619,0.295227,0.96015,3.43293,1.554603
0.146271,0.1364,0.951506,4.647532,1.52153
0.377355,0.32803,1.029788,3.671052,1.537966
0.272001,0.220262,1.116336,3.052607,1.561792
0.040958,0.028679,1.35355,2.422066,1.585918
0,0,1.490662,2.185246,1.591179
0.368618,0.258109,1.4213,2.504604,1.564919
0.039932,0.030091,1.347078,2.912147,1.485898
0.150942,0.131212,1.258849,4.480851,1.280888
0.146271,0.1364,1.220456,4.454819,1.223704
0.188677,0.164015,1.286896,4.462221,1.276807
0.155429,0.125864,1.395714,3.769143,1.301966
0.081915,0.057358,1.593377,2.839213,1.403824
0.041934,0.027232,1.718989,2.525331,1.450759
0,0,1.636562,2.904578,1.35123
0.119795,0.090272,1.566561,3.446133,1.270312
0.039932,0.030091,1.585931,3.426519,1.232046
0.286703,0.200752,1.695366,2.981462,1.255198
0.167734,0.108928,1.805701,2.62674,1.366875
0.245746,0.172073,1.739721,3.066194,1.233139
0.349716,0.283194,1.631405,4.31018,1.19578
0.226413,0.196818,1.593297,4.259623,1.183366
0.155429,0.125864,1.734508,4.251831,1.180857
0,0,1.970253,4.034494,1.166641
0.377402,0.245088,4.44475,3.170964,1.185525
0.042858,0.025752,4.348622,2.755926,1.201213
0.209668,0.13616,4.417115,3.214073,1.189313
0.040958,0.028679,4.519488,3.599388,1.177892
0.272001,0.220262,4.743098,4.143312,1.276289
0.301884,0.262424,1.886282,4.113451,1.324922
0.073135,0.0682,1.784114,4.066406,1.405442
0.113206,0.098409,4.81457,4.057088,1.391493
0.075471,0.065606,4.79337,4.037644,1.412694
0.036568,0.0341,1.959744,4.006178,1.423383
0.353553,0.353553,1.880297,3.984065,1.488957
0.036568,0.0341,1.966896,3.995248,1.437542
0.038857,0.031466,4.579724,3.999398,1.413927
0.239591,0.180545,4.451639,4.025908,1.398783
0.038857,0.031466,4.565584,3.991372,1.396113
0.226413,0.196818,4.683908,3.942772,1.469155
0,0,5,3.882895,1.587515
0.1364,0.146271,5,3.852285,1.676242
0.262424,0.301884,1.910074,3.847889,1.744189
0,0,1.814009,3.83526,1.852375
0.1705,0.182838,5,3.813939,1.747913
0.282843,0.282843,4.873686,3.823161,1.682823
0.0682,0.073135,5,3.796237,1.775812
0.164015,0.188677,5,3.764625,1.875554
0.060182,0.079864,1.92493,3.748081,2.127431
0.114715,0.16383,1.889244,3.74303,2.262334
0.270817,0.359386,1.975994,3.727271,2.174219
0.283194,0.349716,5,3.71,2.093825
0.31466,0.388573,5,3.652149,2.189717
0.090272,0.119795,5,3.628939,2.356087
0.258109,0.368618,5,3.608494,2.548218
0.217856,0.335468,5,3.614182,2.717445
0.048481,0.087462,1.991091,3.611226,3.229778
0.0227,0.04455,1.971252,3.619924,3.5329
0.169683,0.306117,5,3.586846,3.333761
0.180263,0.300009,5,3.560893,3.124264
0.229431,0.327661,5,3.490887,2.921371
0.270817,0.359386,5,3.461384,2.791371
0.286788,0.409576,5,3.446571,3.03056
0.217856,0.335468,5,3.434327,3.223935
0.217856,0.335468,5,3.386134,3.376755
0.229431,0.327661,4.84734,3.350776,3.254767
0.210635,0.279522,4.558209,3.318743,3.158923
0.31466,0.388573,4.312944,3.289931,3.056581
0.1023,0.109703,3.515151,3.238247,2.928713
0.282843,0.282843,2.883505,3.211832,2.85276
0.109703,0.1023,2.634936,3.213052,2.765799
0.037735,0.032803,2.436301,3.199537,2.709752
0.079864,0.060182,2.409197,3.228882,2.56473
0,0,2.417758,3.253895,2.498326
0.083867,0.054464,2.425755,3.279198,2.441408
0.214292,0.12876,2.443192,3.317956,2.383329
0.267302,0.136197,2.555686,3.378452,2.302121
0.181262,0.084524,2.500417,3.408835,2.270987
0.460252,0.195366,2.405218,3.439143,2.245131
0.326753,0.125429,2.363939,3.485066,2.217636
0.382522,0.116949,2.258286,3.545267,2.187327
0.434667,0.116469,2.226509,3.592242,2.172234
0.243593,0.056238,2.198068,3.639807,2.1603
0.245407,0.047702,2.173153,3.379191,2.151072
0.496273,0.060935,2.103979,3.106397,2.129515
0.099619,0.008716,2.095352,3.015159,2.121684
0.099863,0.005234,2.088178,2.915297,2.117943
0.499924,0.008726,2.047562,2.82027,2.113111
0.049931,-0.002617,2.036132,2.679447,2.129934
0.348668,-0.030505,2.046674,2.604596,2.130209
0.347391,-0.042654,2.017437,2.515352,2.135456
0.44446,-0.070396,2.034942,2.452112,2.139655
0.292311,-0.067485,2.084239,2.336078,2.192025
0.193185,-0.051764,2.096001,2.282243,2.199214
0.292311,-0.067485,2.082071,2.316003,2.132615
0.049081,-0.00954,2.088067,2.357786,2.113913
0.049081,-0.00954,2.074321,2.350347,2.107284
0.048719,-0.011248,2.094345,2.30258,2.120341
0,0,2.117585,2.259238,2.136219
0.243593,-0.056238,2.096828,2.299865,2.117858
0.44446,-0.070396,2.086677,2.439165,2.067671
0.049627,-0.006093,2.077156,2.468524,2.055587
0.296307,-0.04693,2.07594,2.404872,2.058159
0,0,2.092984,2.352267,2.068247
0.482963,-0.12941,2.098915,2.235002,2.113478
0.286891,-0.087712,2.123971,2.197541,2.133418
0.283656,-0.09767,2.167777,2.148344,2.141144
0.280074,-0.10751,2.167411,2.108351,2.157089
0.362523,-0.169047,2.24459,2.03614,2.239935
0.133651,-0.068099,2.302239,2.003585,2.263763
0.087462,-0.048481,2.325481,1.968583,2.285207
0.128575,-0.077256,2.363272,1.947652,2.323253
0.409576,-0.286788,2.45177,1.915281,5
0.199659,-0.150454,2.531519,1.901106,5
0.310858,-0.251728,2.646489,1.868003,5
0.339619,-0.295227,2.752533,1.851773,5
0.247487,-0.247487,2.631181,1.801015,5
0.272799,-0.292541,2.498706,1.775677,5
0.229621,-0.264148,2.388305,1.758795,5
0.220262,-0.272001,2.284414,1.739405,5
0.143394,-0.204788,2.113104,1.712217,5
0.081696,-0.125801,2.039551,1.700596,5
0.12876,-0.214292,1.979439,1.699171,5
0.218164,-0.393579,1.931106,1.708701,5
0.105655,-0.226577,1.828273,1.695624,5
0.195366,-0.460252,1.780009,1.681253,5
0.179184,-0.46679,1.745394,1.688977,5
0.113949,-0.330932,1.705366,1.671707,5
0,0,1.644326,1.657221,5
0.101228,-0.438467,1.622259,1.686166,5
0.095404,-0.490814,1.611913,1.73677,5
0.070396,-0.44446,1.595141,1.734186,5
0.043578,-0.498097,1.572269,1.72781,5
0.00785,-0.149794,1.566806,1.771631,3.921071
0.006981,-0.399939,1.564738,1.782195,3.776115
-0.008726,-0.499924,1.567095,1.824969,3.673743
-0.043578,-0.498097,1.581893,1.869346,3.638963
-0.006093,-0.049627,1.5952,1.875397,3.645804
-0.023465,-0.148153,1.612479,1.902831,3.655581
-0.066783,-0.34357,1.626661,5,3.675532
-0.025882,-0.096593,1.671611,5,3.720997
-0.043856,-0.143446,1.70184,5,3.747637
0,0,1.728463,5,3.786146
-0.035837,-0.093358,1.760094,5,3.828358
-0.169047,-0.362523,1.826599,5,3.98198
-0.136197,-0.267302,1.710458,5,5
0,0,1.489351,5,5
-0.077256,-0.128575,1.360366,5,5
-0.114715,-0.16383,1.184144,5,5
-0.210635,-0.279522,1.110614,5,5
-0.31466,-0.388573,1.017874,5,5
-0.295227,-0.339619,0.967052,5,5
-0.282843,-0.282843,0.78079,3.638367,5
-0.073135,-0.0682,0.709661,3.498882,4.773115
-0.194286,-0.15733,0.621724,3.399246,4.39399
-0.122873,-0.086036,0.585972,3.427421,4.37827
-0.042858,-0.025752,0.513319,3.468928,4.526124
-0.174924,-0.096962,0.503076,3.501089,4.462322
-0.362523,-0.169047,0.463419,3.585826,4.265168
-0.46679,-0.179184,0.428458,3.657782,4.135983
0,0,0.423048,3.738155,4.094679
-0.338074,-0.090587,0.393405,5,3.975682
-0.34357,-0.066783,0.387112,5,3.912836
0,0,0.364487,5,3.892177
-0.498097,-0.043578,0.361375,5,3.797884
-0.19997,-0.00349,0.360055,5,3.780921
-0.399939,0.006981,0.380058,4.674669,3.73917
-0.348668,0.030505,0.381452,4.227374,3.745658
-0.148153,0.023465,0.404986,4.139357,3.745679
0,0,0.407487,4.138244,3.761406
-0.096593,0.025882,0.455522,4.292706,3.775007
-0.23638,0.081392,0.465353,4.13704,3.808597
-0.140037,0.053755,0.471661,4.078825,3.831417
0,0,0.511435,3.9522,3.88482
-0.306117,0.169683,0.547256,3.878952,3.994831
-0.385725,0.231767,0.56369,3.813162,4.029505
-0.245746,0.172073,0.708049,3.735535,4.165254
-0.233144,0.188796,0.823526,3.636429,4.320004
-0.037735,0.032803,4.547912,3.597049,4.21731
-0.377355,0.32803,4.578509,3.573953,4.26138
0,0,4.357948,3.604789,4.121958
0,0,4.279692,3.584286,3.981315
-0.25715,0.154511,0.839976,3.658043,3.874099
-0.385725,0.231767,0.979972,3.643318,3.857131
-0.125801,0.081696,4.210242,3.608633,3.900149
0,0,4.249724,3.575271,3.860667
-0.43731,0.242405,4.073916,3.609515,3.761031
-0.089101,0.045399,3.994006,3.658629,3.71451
-0.138076,0.05861,0.9745,3.703647,3.610667
-0.230126,0.097683,3.89603,3.735768,3.600583
-0.090631,0.042262,3.968203,3.648973,3.649916
-0.140037,0.053755,3.858823,3.759224,3.571998
-0.047815,0.014619,0.965262,3.531677,3.501265
-0.434667,0.116469,0.931749,3.518995,3.463161
-0.047276,0.016278,3.834735,3.56639,3.520134
-0.425483,0.146506,3.852125,3.505932,3.502744
0,0,3.806309,3.469856,3.462672
-0.438467,0.101228,3.741641,3.396763,3.428801
-0.296307,0.04693,3.692925,3.668245,3.43807
-0.148882,0.01828,3.678695,3.935605,3.416126
-0.34952,0.018318,0.991592,4.711799,3.394776
-0.299954,-0.005236,0.966383,5,3.434327
-0.299589,-0.015701,0.964489,5,3.461933
-0.496273,-0.060935,0.961727,5,3.493419
-0.297764,-0.036561,1.373317,2.300696,3.504983
-0.149429,-0.013073,1.705607,5,3.495173
-0.44446,-0.070396,1.468665,2.046887,3.576652
-0.048719,-0.011248,1.33034,1.852496,3.33592
-0.338074,-0.090587,1.309291,1.749002,3.255096
-0.378207,-0.130227,1.078773,1.620534,3.303338
-0.460252,-0.195366,1.064633,1.474754,3.603714
-0.317208,-0.147916,1.059243,1.406984,3.858626
-0.393579,-0.218164,1.051886,1.280181,4.508139
-0.218655,-0.121202,1.257689,1.227498,4.554039
-0.133651,-0.068099,1.391685,1.182253,4.489784
-0.445503,-0.226995,1.436578,1.18674,4.509636
-0.171433,-0.103008,1.376627,1.155107,1.971152
-0.083867,-0.054464,1.383141,1.200496,1.772059
-0.039932,-0.030091,1.277178,1.417432,1.545944
-0.188677,-0.164015,1.192512,1.790084,1.385818
-0.255974,-0.238699,1.093862,2.099625,1.325667
-0.038857,-0.031466,1.345934,1.752261,1.379985
-0.245746,-0.172073,1.406058,1.460209,1.483106
-0.251601,-0.163392,1.503543,1.325353,1.556335
-0.399318,-0.300908,1.418209,1.678762,1.31983
-0.301884,-0.262424,1.375359,2.489914,1.087982
-0.182838,-0.1705,1.397758,3.094895,1.025262
-0.310858,-0.251728,1.551178,2.410661,1.026772
-0.16383,-0.114715,1.848609,1.926044,1.026521
-0.377402,-0.245088,2.017055,1.782938,1.026581
0,0,1.892767,2.322647,0.978203
-0.039932,-0.030091,1.960674,2.381458,0.960381
-0.16383,-0.114715,2.068847,2.250041,0.977191
-0.286703,-0.200752,2.091269,2.261797,0.954769
-0.349716,-0.283194,1.974694,3.054823,0.990839
-0.377355,-0.32803,1.913253,3.442135,0.984653
-0.319454,-0.240726,2.227972,2.923041,0.989685
-0.293535,-0.190624,2.62173,2.381219,0.994358
-0.385725,-0.231767,2.927208,2.205504,0.992921
-0.16383,-0.114715,2.660386,2.973834,1.102319
-0.204788,-0.143394,2.822238,2.978099,1.123113
-0.335468,-0.217856,3.006333,2.772077,1.120821
0,0,3.038105,2.326258,1.09762
-0.043731,-0.02424,3.018799,2.380371,1.120487
-0.042858,-0.025752,3.080342,2.643308,1.096635
-0.171433,-0.103008,3.073472,2.659582,1.119968
0,0,2.92162,2.227153,1.122326
-0.135946,-0.063393,2.862677,2.063543,1.103378
-0.174924,-0.096962,2.957985,2.47824,1.120487
-0.419335,-0.27232,3.081879,2.93784,1.192363
-0.327661,-0.229431,3.141405,5,1.254738
-0.428584,-0.257519,2.926131,2.813221,1.247076
-0.04455,-0.0227,2.764874,2.572062,1.239965
-0.135946,-0.063393,2.69355,2.423304,1.239286
-0.140037,-0.053755,2.607686,2.061776,1.202665
-0.420111,-0.161266,2.596697,2.119286,1.213654
-0.414227,-0.175829,2.626953,2.305655,1.21949
-0.283656,-0.09767,2.523534,2.065185,1.214272
-0.338074,-0.090587,2.448408,1.88789,1.225642
-0.146156,-0.033743,2.4207,1.808996,1.219255
-0.191261,-0.058474,2.451305,2.033992,1.24141
-0.239076,-0.073093,2.43991,2.041125,1.252805
-0.096593,-0.025882,2.410864,1.954624,1.24248
-0.289778,-0.077646,2.401836,1.969827,1.251508
-0.472759,-0.162784,2.439173,2.236226,1.298634
0,0,2.458929,2.319998,1.287153
-0.143446,-0.043856,2.383848,2.154337,1.267039
-0.243593,-0.056238,2.338445,1.933981,1.280984
-0.294488,-0.057243,2.319367,1.843345,1.271382
0,0,2.341976,2.063616,1.269956
-0.434667,-0.116469,2.333938,2.063191,1.277995
-0.438467,-0.101228,2.315192,1.971157,1.263186
-0.395075,-0.062574,2.26848,1.816051,1.258139
-0.395075,-0.062574,2.256417,1.846166,1.270202
-0.392651,-0.076324,2.262152,1.927927,1.287849
-0.338074,-0.090587,2.278539,2.065913,1.333394
-0.482963,-0.12941,2.257227,2.087841,1.354706
-0.292311,-0.067485,2.229848,2.010579,1.348529
-0.493844,-0.078217,2.186047,1.869821,1.340573
-0.04981,-0.004358,2.160659,1.820067,1.333628
-0.249657,-0.013084,2.153325,1.759826,1.331808
-0.248137,-0.030467,2.159606,1.803301,1.34848
-0.441732,-0.085864,2.172719,1.973639,1.336532
-0.194874,-0.04499,2.182346,2.154877,1.334453
-0.345691,-0.054752,2.142256,1.908049,1.323616
-0.099619,-0.008716,2.120647,1.791584,1.333486
-0.049931,-0.002617,2.11472,1.7305,1.330358
-0.248137,-0.030467,2.122257,1.852079,1.325379
-0.392651,-0.076324,2.137438,2.317977,1.351439
-0.389748,-0.08998,2.146802,5,1.369997
-0.296307,-0.04693,2.104466,2.233733,1.361405
0,0,2.080651,1.93008,1.353406
0,0,2.075258,1.81173,1.349792
-0.397018,-0.048748,2.08352,2.169688,1.364116
-0.198509,-0.024374,2.077215,5,1.370421
-0.448288,-0.03922,2.066852,1.952225,1.367205
-0.349947,-0.006108,2.059955,1.823343,1.360605
-0.399939,-0.006981,2.059781,1.823574,1.36078
-0.149794,-0.00785,2.05922,5,1.36583
0,0,2.055815,5,1.369236
-0.399939,0.006981,2.057601,1.771934,1.362959
-0.099863,0.005234,2.06289,1.719407,1.36216
-0.449931,-0.007854,2.057251,5,1.363309
-0.149977,-0.002618,2.054721,5,1.365839
-0.399939,0.006981,2.056554,5,1.364006
-0.298858,0.026147,2.072184,1.743446,1.361873
0,0,2.079354,1.807973,1.354703
-0.34952,0.018318,2.07397,5,1.35108
-0.049931,0.002617,2.074582,5,1.350468
-0.397018,0.048748,2.095633,5,1.352004
-0.296307,0.04693,2.109821,1.642519,1.356051
-0.197538,0.031287,2.121952,1.745204,1.34392
-0.04981,0.004358,2.104665,5,1.329393
-0.249657,0.013084,2.098346,5,1.326704
-0.446646,0.054841,2.119717,5,1.327919
-0.392651,0.076324,2.160284,5,1.328594
-0.34103,0.078733,2.188782,5,1.328017
-0.478152,0.146186,2.256755,1.516412,1.331391
0,0,2.284478,5,1.303668
-0.096593,0.025882,2.272958,5,1.214742
-0.245407,0.047702,2.231617,5,1.196137
-0.347391,0.042654,2.20629,5,1.180895
-0.099619,0.008716,2.198179,5,1.175649
-0.149977,0.002618,2.188018,4.817812,1.192536
-0.099985,0.001745,2.187931,4.778092,1.23263
-0.34952,0.018318,2.19364,5,1.191355
-0.049931,0.002617,2.197219,4.885175,1.227831
-0.349947,-0.006108,2.191068,4.418164,1.229492
-0.099863,-0.005234,2.191192,4.235398,1.233858
-0.249962,0.004363,2.191593,4.540134,1.228968
-0.348668,0.030505,2.206842,5,1.227215
-0.397018,0.048748,2.220251,5,1.227386
-0.249657,0.013084,2.208474,4.528282,1.276659
-0.149977,-0.002618,2.20292,4.036898,1.437674
0,0,2.202709,3.838846,5
-0.099985,0.001745,2.204316,4.159767,1.376269
-0.349947,0.006108,2.20484,4.143898,1.375745
-0.449931,-0.007854,2.202396,3.950686,5
-0.349947,-0.006108,2.19943,3.828848,5
-0.299589,0.015701,2.207338,4.039102,5
-0.249049,0.021789,2.217511,4.180996,2.441206
0,0,2.223194,4.08563,5
0,0,2.225381,4.04221,5
-0.297764,0.036561,2.236662,4.279665,2.380059
-0.248137,0.030467,2.241391,4.225261,2.556309
-0.34952,0.018318,2.227566,3.708654,5
-0.049992,0.000873,2.223385,3.498528,5
-0.498097,0.043578,2.238139,3.781974,5
-0.197538,0.031287,2.270405,4.136615,5
-0.049081,0.00954,2.295821,4.30248,2.789885
0,0,2.300855,4.247455,2.858718
-0.347391,0.042654,2.269865,3.75349,5
-0.298858,0.026147,2.258462,3.563279,5
-0.098769,0.015643,2.291083,3.87361,5
-0.487185,0.112476,2.336225,4.322402,5
-0.434667,0.116469,2.362743,4.630759,2.578757
-0.338074,0.090587,2.389761,4.417843,5
-0.048296,0.012941,2.40997,4.234298,5
-0.143446,0.043856,2.447628,4.514145,5
-0.326753,0.125429,2.522469,5,2.422367
-0.186716,0.071674,2.542875,5,2.551344
0,0,2.519791,5,5
-0.189104,0.065114,2.526678,4.588783,5
-0.414227,0.175829,2.611966,5,2.526958
-0.045315,0.021131,2.666179,5,2.365738
-0.140037,0.053755,2.601797,5,5
-0.430337,0.131567,2.538686,3.949722,5
-0.434667,0.116469,2.51404,3.591815,5
-0.049081,0.00954,2.488729,2.929823,5
-0.148882,0.01828,2.46415,2.535166,5
-0.199239,0.017431,2.452647,2.452697,5
-0.19997,0.00349,2.440337,2.411868,5
-0.149977,0.002618,2.440337,2.386133,5
-0.099863,0.005234,2.446442,2.366728,5
-0.496273,0.060935,2.469156,2.386157,5
-0.347391,0.042654,2.478265,2.351531,5
-0.448288,0.03922,2.472215,2.282407,5
0,0,2.462886,2.357123,5
-0.19997,0.00349,2.463671,2.356112,5
0,0,2.469455,2.287867,5
0,0,2.491696,2.192551,5
-0.198509,0.024374,2.491696,2.192551,5
-0.348668,0.030505,2.479481,2.224741,5
-0.298858,0.026147,2.483069,2.220376,5
-0.246922,0.039109,2.517625,2.105926,5
-0.245407,0.047702,2.54138,2.100549,5
-0.198509,0.024374,2.515529,2.140498,5
-0.496273,0.060935,2.520355,2.134787,5
-0.197538,0.031287,2.538483,2.081891,5
-0.296307,0.04693,2.550266,2.068314,5
-0.348668,0.030505,2.528974,2.16455,5
-0.399452,0.020934,2.522494,2.221545,5
-0.297764,0.036561,2.549364,2.100456,5
-0.441732,0.085864,2.594181,1.995553,5
-0.194874,0.04499,2.622974,1.948958,5
-0.243593,0.056238,2.638676,1.931787,5
-0.049384,0.007822,2.605524,2.004642,5
0,0,2.593464,2.048264,5
-0.147244,0.028621,2.629646,1.95575,5
-0.048296,0.012941,2.683279,1.877008,5
-0.047815,0.014619,2.718273,1.840852,5
-0.389748,0.08998,2.663104,1.905073,5
-0.243593,0.056238,2.672091,1.895245,5
-0.096593,0.025882,2.708533,1.850093,5
-0.38637,0.103528,2.718258,1.839728,5
-0.147244,0.028621,2.679306,1.900013,5
-0.44446,0.070396,2.667184,1.933593,5
-0.34103,0.078733,2.721912,1.835473,5
-0.047815,0.014619,2.801132,1.75477,5
-0.141828,0.048835,2.848025,1.716472,5
-0.23638,0.081392,2.855432,1.70897,5
-0.048296,0.012941,2.799799,1.752823,5
-0.243593,0.056238,2.778442,1.778944,5
-0.09563,0.029237,2.846614,1.707519,5
-0.373432,0.143347,2.935687,1.64591,5
-0.460252,0.195366,2.985764,1.621279,5
-0.330932,0.113949,2.933648,1.629754,5
-0.472759,0.162784,2.961687,1.601356,5
-0.46679,0.179184,3.016063,1.566549,5
-0.407839,0.190178,3.157378,1.490273,5
-0.226577,0.105655,3.203235,1.447247,5
-0.276151,0.117219,3.169888,1.485875,5
-0.276151,0.117219,3.19218,1.464418,1.653714
-0.414227,0.175829,3.218687,1.438903,1.51857
-0.186716,0.071674,3.181742,1.445266,1.421256
-0.382522,0.116949,3.121543,1.465353,1.365898
-0.194874,0.04499,3.072694,1.569394,1.326726
-0.196325,0.038162,3.055575,5,1.309399
-0.392651,0.076324,3.06265,5,1.302324
-0.241481,0.064705,3.133094,1.552076,1.30706
-0.239076,0.073093,3.17938,1.470448,1.30806
-0.34103,0.078733,3.126975,5,1.272445
0,0,3.139601,5,1.25982
-0.38637,0.103528,3.178965,5,1.261189
-0.425483,0.146506,3.268046,5,1.273552
-0.414227,0.175829,3.39736,1.371488,1.274716
0,0,3.474655,1.337518,1.274681
-0.280074,0.10751,3.384561,5,1.218437
-0.233395,0.089592,3.395023,5,1.207975
-0.09205,0.039073,3.459412,5,1.212664
-0.311852,0.158897,3.599277,5,1.236084
-0.428584,0.257519,3.776935,1.214958,1.259581
-0.041934,0.027232,3.887243,1.188862,1.266087
-0.043731,0.02424,3.751073,5,1.179754
-0.43731,0.242405,3.75644,5,1.174387
-0.300009,0.180263,3.841043,5,1.195473
-0.040958,0.028679,4.096268,5,1.196917
-0.155429,0.125864,3.666384,1.080165,1.233556
-0.264148,0.229621,3.498834,1.040158,1.267266
0,0,3.759891,5,1.126922
-0.079864,0.060182,3.713444,5,1.151965
-0.388573,0.31466,3.542716,1.820277,1.132348
-0.155429,0.125864,3.48405,5,1.158084
-0.233144,0.188796,3.384834,5,1.080878
-0.264148,0.229621,3.229481,5,1.113011
-0.212132,0.212132,2.935234,1.686417,1.131371
-0.098409,0.113206,2.687068,1.214958,1.139511
-0.283194,0.349716,2.582993,1.120588,1.132348
-0.286788,0.409576,2.40439,1.016641,1.123113
-0.231767,0.385725,2.235231,0.948409,1.143301
-0.072721,0.131193,2.161183,0.899032,1.143354
-0.042262,0.090631,2.054635,0.821614,1.125445
-0.089592,0.233395,1.985001,0.703192,1.263951
-0.065114,0.189104,1.957109,0.666287,1.429205
0,0,1.991886,0.763182,1.129815
-0.078146,0.184101,1.983396,0.808075,1.108088
-0.035837,0.093358,1.956396,0.731747,1.113991
-0.161266,0.420111,1.945232,0.754614,1.092568
-0.211309,0.453154,1.979008,0.926837,0.838567
-0.113498,0.222752,1.991241,1.058844,0.673396
-0.175829,0.414227,1.892281,0.958413,0.673543
-0.09767,0.283656,1.816563,0.885973,0.676877
-0.029237,0.09563,1.781891,0.839156,0.690157
0,0,1.810244,1.00248,0.535572
-0.089592,0.233395,1.806406,1.005391,0.535572
-0.032557,0.094552,1.784558,0.944561,0.571115
-0.090587,0.338074,1.737839,0.856341,0.559049
-0.077646,0.289778,1.727008,0.871072,0.517638
-0.058474,0.191261,1.733587,0.940648,0.522846
-0.017918,0.046679,1.757277,1.013471,0.556995
-0.071674,0.186716,1.747507,1.050671,0.584664
-0.113949,0.330932,1.724508,0.968971,0.571115
-0.12941,0.482963,1.673176,0.891918,0.572193
-0.077646,0.289778,1.652153,0.878958,0.559049
0,0,1.653919,0.997584,0.585587
-0.067485,0.292311,1.617032,0.909094,0.57473
-0.022495,0.097437,1.611157,0.909943,0.57473
-0.051764,0.193185,1.616762,0.987065,0.60046
-0.051764,0.193185,1.608029,0.98781,0.60046
-0.095404,0.490814,1.575569,0.912082,0.590856
-0.015643,0.098769,1.563849,0.871427,0.58723
-0.078733,0.34103,1.571741,0.972815,0.615782
0,0,1.560136,1.007985,0.636309
-0.057243,0.294488,1.542229,0.954932,0.631604
-0.054841,0.446646,1.524314,0.8863,0.624656
-0.054841,0.446646,1.516679,0.877981,0.624656
-0.062574,0.395075,1.5166,0.937376,0.647978
0,0,1.501746,0.954009,0.607479
-0.030505,0.348668,1.486747,0.876812,0.642445
-0.018318,0.34952,1.48542,0.847743,0.640878
-0.030467,0.248137,1.485148,0.929783,0.624656
-0.036561,0.297764,1.47691,0.958886,0.624656
0,0,1.47058,0.92551,0.622368
-0.005236,0.299954,1.467346,0.848008,0.620094
-0.00349,0.19997,1.467869,0.858727,0.620094
-0.013084,0.249657,1.466674,0.892543,0.620851
-0.020934,0.399452,1.463444,0.896954,0.620851
0.007854,0.449931,1.464731,0.836177,0.620094
0.026168,0.499315,1.469995,0.807955,0.620851
-0.008726,0.499924,1.466039,0.861152,0.620094
0,0,1.462549,0.848008,0.620094
0.002618,0.149977,1.464295,0.823526,0.620094
-0.010467,0.199726,1.460736,0.87509,0.640878
-0.026168,0.499315,1.458205,0.902436,0.640878
-0.008726,0.499924,1.457839,0.848008,0.640097
-0.004363,0.249962,1.457839,0.848008,0.640097
-0.013073,0.149429,1.456225,1.172009,0.642445
-0.060935,0.496273,1.457237,5,0.644806
-0.023551,0.449383,1.446596,1.166078,0.640878
-0.013084,0.249657,1.443189,5,0.640878
-0.030505,0.348668,1.442049,5,0.662521
-0.007854,0.449931,1.437523,5,0.660101
0.002617,0.049931,1.444851,5,0.640878
0.030505,0.348668,1.453685,5,0.642445
0.015643,0.098769,1.477345,5,0.647978
0,0,1.512167,0.875414,0.636309
0.064705,0.241481,1.531481,0.860635,0.641871
0.095404,0.490814,1.505438,5,0.631604
0.085864,0.441732,1.518266,5,0.61123
0,0,1.542962,5,0.615782
0.087712,0.286891,1.590438,5,0.606501
0.035837,0.093358,1.648079,5,0.599841
0.117219,0.276151,1.687653,5,0.608362
0.090798,0.178201,1.771769,0.738939,0.606056
0.181596,0.356403,1.797937,5,0.58361
0.211309,0.453154,1.77281,5,0.551689
0.179184,0.46679,1.751095,5,0.578418
0.053755,0.140037,1.787725,5,0.578418
0.169047,0.362523,1.876988,5,0.573757
0.190178,0.407839,1.904019,5,0.595824
0.035837,0.093358,1.876379,5,0.620268
0.09767,0.283656,1.865501,5,0.846678
0.195366,0.460252,1.940252,5,0.771684
0.136756,0.322177,1.975942,5,0.958336
0.053755,0.140037,1.964773,5,1.186934
0.125429,0.326753,1.983439,5,1.309228
0.021131,0.045315,2.073375,5,1.189328
0.090798,0.178201,2.130455,5,1.180294
0.078146,0.184101,2.064511,5,1.447058
0.156292,0.368202,2.080787,5,1.549693
0.190178,0.407839,2.126679,5,1.4555
0.021131,0.045315,2.167873,5,1.635644
0.071674,0.186716,2.118047,5,5
0,0,2.088957,5,5
0.117219,0.276151,2.161638,5,5
0.158897,0.311852,2.257061,5,1.721535
0.218164,0.393579,2.319999,4.886997,1.650735
0.211309,0.453154,2.270455,5,5
0.126785,0.271892,2.312995,4.891436,5
0.158897,0.311852,2.381305,4.804935,5
0.257519,0.428584,2.521473,4.726256,5
0,0,2.705133,4.618023,5
0.210635,0.279522,2.816527,4.577156,5
0.098409,0.113206,3.022598,4.548363,1.788097
0.141421,0.141421,3.287188,4.491172,1.712416
0.146271,0.1364,3.415021,4.557546,1.663262
0,0,3.765587,5,1.586948
0.040958,0.028679,4.177597,5,1.509164
0.293535,0.190624,4.415404,5,1.468428
0.251601,0.163392,4.476286,5,1.493168
0.319454,0.240726,4.123591,5,1.625321
0.388573,0.31466,3.957848,4.6525,1.699745
0,0,4.486439,5,1.668276
0.327661,0.229431,4.578753,5,1.703287
0.159727,0.120363,4.341748,5,1.753035
0.119795,0.090272,4.411994,5,1.798937
0.167734,0.108928,5,5,1.726354
0.214292,0.12876,5,5,1.693236
0.356403,0.181596,5,5,1.644017
0.414227,0.175829,5,5,1.612708
0,0,5,5,1.602441
0.191261,0.058474,5,5,1.572961
0.389748,0.08998,5,5,1.54151
0.196325,0.038162,5,5,1.531128
0.198509,0.024374,5,5,1.518486
0.049931,0.002617,2.738767,5,1.507408
0,0,1.576665,5,1.503844
0,0,1.363599,5,1.500683
0,0,1.317557,5,1.505423
0.345691,-0.054752,1.246304,5,1.510842
0.292311,-0.067485,1.256718,1.692213,1.521142
0.389748,-0.08998,1.272767,1.786895,1.505093
0.34357,-0.066783,1.266663,5,1.488738
0.098163,-0.019081,1.280016,5,1.475386
0,0,1.317459,5,1.486958
0.430337,-0.131567,1.33736,1.689385,1.497888
0.34103,-0.078733,1.316918,5,1.460942
0.44446,-0.070396,1.309215,5,1.427682
0,0,1.305076,5,1.417154
0.049081,-0.00954,1.331892,5,1.423509
0.245407,-0.047702,1.333038,5,1.422363
0.395075,-0.062574,1.322416,5,1.414481
0,0,1.331311,5,1.405586
0.243593,-0.056238,1.362981,5,1.414879
0.241481,-0.064705,1.378662,5,1.425755
0.196325,-0.038162,1.361655,5,1.393746
0.297764,-0.036561,1.347995,5,1.374235
0.398478,-0.034862,1.342415,5,1.368892
0.345691,-0.054752,1.367939,5,1.368958
0.048719,-0.011248,1.406964,5,1.370896
0.193185,-0.051764,1.451886,5,1.373237
0.338074,-0.090587,1.457884,5,1.367239
0.283656,-0.09767,1.598357,5,1.377962
0.46679,-0.179184,1.635299,5,1.382405
0.045315,-0.021131,1.859561,5,1.389181
0.349848,-0.193924,5,5,1.412133
0,0,5,5,1.438059
0.428584,-0.257519,5,5,1.414025
0.286703,-0.200752,4.369203,5,1.447076
0.039932,-0.030091,4.169852,5,1.449029
0.226413,-0.196818,4.358098,5,1.503463
0.070711,-0.070711,4.699227,2.18393,1.57444
0.238699,-0.255974,4.905752,1.727381,1.585248
0,0,4.609391,5,1.447662
0.073135,-0.0682,4.642029,5,1.415024
0.212132,-0.212132,4.808327,3.150463,1.46534
0.353553,-0.353553,4.849356,3.362257,1.424311
0.264148,-0.229621,4.603504,5,1.258056
0.155429,-0.125864,4.506475,5,1.178354
0.292541,-0.272799,4.850239,5,1.206814
0.329109,-0.306899,4.907563,5,1.14949
0.264148,-0.229621,4.785235,5,1.102825
0.199659,-0.150454,4.574343,5,1.101879
0.359386,-0.270817,4.618673,5,1.151965
0.388573,-0.31466,4.771996,5,1.132348
0.329109,-0.306899,5,5,1.121209
0.036568,-0.0341,5,5,1.121209
0.226413,-0.196818,5,5,1.166011
0.159727,-0.120363,4.862761,5,1.352306
0.251601,-0.163392,4.654517,5,1.565918
0.214292,-0.12876,4.56139,5,1.71016
0.327661,-0.229431,4.819953,5,1.579724
0.122873,-0.086036,4.866845,5,1.681576
0.377402,-0.245088,4.775321,5,1.829771
0.306117,-0.169683,4.604409,5,2.193806
0.087462,-0.048481,4.647521,5,2.334832
0.300009,-0.180263,4.767235,5,2.24609
0.300009,-0.180263,4.795482,5,2.335225
0.04455,-0.0227,4.642556,5,2.796076
0.045315,-0.021131,4.576916,5,5
0.262386,-0.145443,4.757795,5,2.69351
0.251601,-0.163392,5,5,2.423148
0.122873,-0.086036,5,5,2.345834
0.128575,-0.077256,4.92948,5,2.710485
0.178201,-0.090798,4.749022,5,5
0.135946,-0.063393,4.671566,5,5
0.393579,-0.218164,4.868313,5,3.024804
0.041934,-0.027232,2.228382,5,2.765895
0,0,2.047338,5,2.683152
0,0,1.888406,5,2.430208
0.329109,-0.306899,1.692232,5,2.239527
0.318198,-0.318198,1.653351,5,2.159584
0.262424,-0.301884,1.410114,5,2.092923
0.060182,-0.079864,1.262014,5,2.034052
0.143394,-0.204788,1.224763,5,2.006652
0.180263,-0.300009,1.19389,5,1.929347
0,0,1.227487,5,1.879492
0.084524,-0.181262,1.29997,5,1.860502
0,0,1.512062,5,1.805562
0.058474,-0.191261,2.008271,5,1.761887
0,0,2.235499,5,1.740438
0.038162,-0.196325,3.188463,2.681472,1.710597
0.060935,-0.496273,3.781586,2.482973,1.688291
0.004358,-0.04981,4.001148,2.394964,1.681465
0.001745,-0.099985,4.646764,2.238847,1.674238
-0.010467,-0.199726,5,2.105724,1.75122
-0.013073,-0.149429,5,2.047799,1.772748
-0.054752,-0.345691,5,1.94466,1.942253
0,0,5,1.934131,1.831869
-0.012187,-0.099255,5,1.974333,1.738762
-0.048748,-0.397018,5,1.973294,1.737884
-0.047702,-0.245407,5,1.87601,1.766152
-0.067485,-0.292311,4.22316,1.829471,1.831392
-0.070396,-0.44446,5,1.895862,1.636663
-0.026147,-0.298858,5,1.979953,1.616577
0,0,5,2.030569,1.611006
-0.012187,-0.099255,5,1.923065,1.614841
-0.012187,-0.099255,5,1.921199,1.613265
-0.004358,-0.04981,5,1.969851,1.60827
-0.008716,-0.099619,5,1.968467,1.607133
-0.015643,-0.098769,5,1.871082,1.615158
-0.085864,-0.441732,3.650525,1.828235,1.621714
0,0,5,1.903888,1.598638
-0.020934,-0.399452,5,2.001598,1.587838
0,0,5,2.061928,1.588361
-0.013073,-0.149429,5,1.946068,1.588714
-0.023465,-0.148153,3.4389,1.849474,1.596405
0,0,3.072407,1.806163,1.602048
-0.076324,-0.392651,2.995238,1.802891,1.599132
-0.01828,-0.148882,3.941119,1.880665,1.579015
-0.008716,-0.099619,5,1.923887,1.570476
-0.062574,-0.395075,3.02253,1.827463,1.577303
-0.039109,-0.246922,2.7686,1.816734,1.567991
-0.060935,-0.496273,3.080509,1.853414,1.555989
-0.023551,-0.449383,5,1.94619,1.543525
-0.020934,-0.399452,3.186716,1.94193,1.540119
-0.013073,-0.149429,2.677821,1.88587,1.539215
-0.043578,-0.498097,2.462316,2.123538,1.53388
-0.001745,-0.099985,3.071635,5,1.529105
0.002618,-0.149977,5,5,1.530851
-0.026168,-0.499315,1.156487,5,1.527548
0,0,0.973305,5,1.527272
-0.04693,-0.296307,0.947027,5,1.526628
-0.067485,-0.292311,0.952371,1.688337,1.538123
-0.131567,-0.430337,0.993282,1.6123,1.549172
-0.016278,-0.047276,1.018006,1.577563,1.556417
-0.065114,-0.189104,1.035396,1.559951,1.539028
-0.116469,-0.434667,1.01333,1.758998,1.50121
-0.033743,-0.146156,1.006128,5,1.484367
-0.043856,-0.143446,1.047522,1.708041,1.494931
0,0,1.057215,1.719698,1.485239
-0.051764,-0.193185,1.047325,5,1.467215
-0.012941,-0.048296,1.051983,5,1.462558
-0.146506,-0.425483,1.089809,1.654802,1.484614
-0.017918,-0.046679,1.09048,1.481582,1.500883
-0.014619,-0.047815,1.093715,5,1.448739
-0.029237,-0.09563,1.096597,5,1.445857
-0.065114,-0.189104,1.114769,5,1.459655
-0.195366,-0.460252,1.165227,1.533246,1.486219
-0.156292,-0.368202,1.196672,1.547624,1.455723
-0.10751,-0.280074,1.196417,5,1.435334
-0.179184,-0.46679,1.222234,5,1.392488
-0.105655,-0.226577,1.301661,5,1.412324
0,0,1.352603,5,1.414131
-0.231767,-0.385725,1.429716,1.417451,1.446625
-0.025752,-0.042858,1.458309,1.417451,1.423293
-0.145443,-0.262386,1.450522,5,1.372025
-0.02424,-0.043731,1.468866,5,1.349158
-0.245088,-0.377402,5,5,1.383141
-0.258109,-0.368618,5,1.304966,1.416098
-0.077256,-0.128575,5,5,1.283297
-0.136197,-0.267302,5,5,1.212112
-0.147916,-0.317208,1.747018,5,1.191648
-0.190178,-0.407839,5,5,1.147513
-0.021131,-0.045315,5,5,1.103378
-0.097683,-0.230126,5,5,1.08636
-0.146506,-0.425483,1.779411,5,1.078773
-0.048835,-0.141828,5,5,1.14223
-0.035837,-0.093358,5,5,1.113991
-0.146186,-0.478152,5,5,1.192089
-0.078733,-0.34103,1.77716,5,1.826821
-0.019081,-0.098163,1.751536,5,5
-0.038823,-0.144889,5,5,1.948158
-0.103528,-0.38637,5,5,2.18584
-0.112476,-0.487185,5,5,5
-0.033743,-0.146156,5,5,5
-0.116949,-0.382522,5,5,5
-0.162784,-0.472759,5,5,2.246979
-0.113949,-0.330932,5,5,5
-0.113949,-0.330932,5,5,5
-0.125429,-0.326753,5,5,5
-0.042262,-0.090631,5,5,2.332859
-0.121202,-0.218655,5,5,2.006572
-0.025752,-0.042858,5,5,1.896115
-0.0227,-0.04455,5,5,2.309763
-0.068099,-0.133651,5,5,2.343825
0,0,5,5,2.181734
-0.190624,-0.293535,5,4.878317,1.877062
-0.13616,-0.209668,5,4.858091,1.91873
-0.231767,-0.385725,5,4.863978,2.196943
-0.143394,-0.204788,5,4.782549,1.979314
-0.188796,-0.233144,5,4.722633,1.88751
-0.065606,-0.075471,4.807765,4.706402,1.814501
-0.353553,-0.353553,4.430245,4.69666,1.730284
-0.150942,-0.131212,4.093132,4.693328,1.662427
-0.155429,-0.125864,3.93158,4.68437,1.650309
-0.122873,-0.086036,3.698347,4.729523,1.583969
0,0,3.510768,4.803465,1.525747
-0.218655,-0.121202,3.431879,4.852691,1.498949
-0.226577,-0.105655,3.299965,5,1.449371
0,0,3.183147,5,1.446955
-0.047276,-0.016278,3.134441,5,1.449462
-0.241481,-0.064705,3.069142,5,1.536656
-0.049081,-0.00954,3.01612,2.183714,1.552597
-0.395075,-0.062574,2.994594,2.087953,1.86848
-0.194874,-0.04499,3.023393,5,1.499184
-0.194874,-0.04499,3.008846,5,1.452153
-0.245407,-0.047702,2.983665,2.322078,1.48318
-0.147244,-0.028621,2.975794,5,1.450303
-0.490814,-0.095404,2.967497,5,1.438226
-0.493844,-0.078217,2.948201,2.26639,1.428889
-0.493844,-0.078217,2.934112,5,1.402479
-0.487185,-0.112476,2.952902,5,1.446519
-0.193185,-0.051764,2.965579,4.797259,1.474575
-0.441732,-0.085864,2.903494,5,1.46148
0,0,2.892435,4.894625,1.472539
-0.292311,-0.067485,2.903506,4.703739,1.495915
-0.430337,-0.131567,2.947404,4.43788,1.540036
-0.373432,-0.143347,2.991921,4.168332,1.611077
-0.414227,-0.175829,3.016112,4.042031,1.699419
-0.222752,-0.113498,3.076059,3.823977,1.804195
0,0,3.159312,3.653974,1.993866
-0.167734,-0.108928,3.213858,3.589017,5
-0.349848,-0.193924,3.06977,3.660956,1.975393
0,0,2.932304,3.716367,1.883234
-0.276151,-0.117219,2.869307,3.741784,1.867951
-0.460252,-0.195366,2.857628,3.710351,1.87963
-0.133651,-0.068099,2.914342,3.508003,5
-0.306117,-0.169683,2.942784,3.409372,5
-0.090631,-0.042262,2.814938,3.466953,5
-0.280074,-0.10751,2.71404,3.550633,2.038919
-0.23638,-0.081392,2.676942,3.614833,1.970417
-0.189104,-0.065114,2.658882,3.553849,2.030783
0,0,2.712729,3.366212,5
-0.271892,-0.126785,2.745999,3.286822,5
-0.46679,-0.179184,2.654588,3.379194,5
-0.239076,-0.073093,2.56533,3.44021,5
-0.434667,-0.116469,2.525954,3.46717,5
-0.196325,-0.038162,2.471764,3.574824,2.03583
-0.294488,-0.057243,2.45983,3.492565,5
-0.389748,-0.08998,2.472574,3.370134,5
-0.049384,-0.007822,2.428123,3.483937,5
-0.298858,-0.026147,2.404603,3.66547,2.033274
-0.34952,-0.018318,2.400601,3.774467,1.985766
-0.19997,0.00349,2.400572,4.015496,1.940129
-0.099619,0.008716,2.416763,4.325756,1.920732
-0.297764,0.036561,2.430504,4.529847,1.923891
-0.490814,0.095404,2.470275,5,1.935448
-0.482963,0.12941,2.535394,5,1.946171
-0.143446,0.043856,2.578374,5,1.950895
-0.280074,0.10751,2.67049,5,1.975354
-0.090631,0.042262,2.778944,5,1.970392
-0.04455,0.0227,2.84577,5,1.989592
-0.428584,0.257519,2.976713,5,2.059803
-0.327661,0.229431,3.162637,5,2.11968
-0.399318,0.300908,3.285784,5,2.138911
-0.188677,0.164015,2.983098,5,2.191988
-0.176777,0.176777,2.690645,3.53619,2.272388
0,0,2.575535,2.595974,2.308139
-0.031466,0.038857,2.39926,1.949898,5
-0.229431,0.327661,2.27099,1.709924,5
-0.163392,0.251601,2.214279,1.723976,5
-0.096962,0.174924,2.080479,1.662557,5
-0.021131,0.045315,1.982272,1.645777,5
-0.097683,0.230126,1.94311,1.655979,5
0,0,1.881893,1.694143,5
0,0,1.836144,1.750414,5
-0.112476,0.487185,1.821712,1.799042,5
-0.054752,0.345691,1.790938,1.794127,4.874324
-0.008716,0.099619,1.767617,1.779827,5
-0.00785,0.149794,1.762551,1.823945,5
0.00349,0.19997,1.764695,1.943568,5
0.004358,0.04981,1.778204,2.068224,5
0.042654,0.347391,1.789598,2.166889,5
0.023551,0.449383,1.776347,1.869845,5
0.013084,0.249657,1.778967,1.745668,5
0.043578,0.498097,1.788619,1.746319,5
0.00349,0.19997,1.781177,1.475692,5
-0.005234,0.099863,1.778791,1.307644,4.810596
-0.03922,0.448288,1.779784,1.234119,4.826344
-0.039109,0.246922,1.784537,1.074637,4.880725
-0.062574,0.395075,1.77258,1.009729,5
-0.054841,0.446646,1.76194,0.985537,4.869428
-0.013084,0.249657,1.746828,0.947552,4.842559
-0.013084,0.249657,1.744032,0.869329,4.845355
-0.030505,0.348668,1.744678,0.850479,4.86145
-0.031287,0.197538,1.749038,0.742007,4.916224
0,0,1.739631,0.689007,4.925631
-0.006093,0.049627,1.72994,0.683664,4.901427
-0.00785,0.149794,1.723395,0.683664,4.865992
-0.026168,0.499315,1.722871,0.683664,4.866516
-0.03922,0.448288,1.72399,0.650538,4.882137
-0.054752,0.345691,1.724733,0.715507,1.599695
-0.04499,0.194874,1.730731,0.791002,0.9442
-0.103528,0.38637,1.736217,0.852127,0.745399
-0.016278,0.047276,1.753358,1.009673,0.592268
-0.032557,0.094552,1.73769,1.02277,0.549963
-0.116949,0.382522,1.717526,0.966949,0.54376
-0.131567,0.430337,1.703642,0.993227,0.564674
-0.131567,0.430337,1.676093,0.971958,0.585587
-0.103528,0.38637,1.647088,0.93585,0.579755
-0.025882,0.096593,1.625715,0.952204,0.579755
0,0,1.61197,0.991699,0.60046
-0.112476,0.487185,1.596824,0.933621,0.595256
-0.101228,0.438467,1.587033,0.957664,0.615782
-0.078733,0.34103,1.563536,1.003424,0.636309
-0.019081,0.098163,1.543312,0.968441,0.631604
-0.036561,0.297764,1.521809,0.880049,0.624656
-0.006093,0.049627,1.517947,0.889628,0.624656
-0.023465,0.148153,1.519726,0.927293,0.647978
-0.022495,0.097437,1.533261,1.034644,0.656835
-0.04499,0.194874,1.527142,1.044551,0.656835
-0.085864,0.441732,1.515208,1.003125,0.651979
-0.006093,0.049627,1.491381,0.912819,0.664957
-0.054841,0.446646,1.485416,0.927436,0.664957
-0.031287,0.197538,1.49012,0.977242,0.668227
-0.034862,0.398478,1.471989,0.923526,0.662521
-0.004358,0.04981,1.468137,0.905097,0.662521
-0.012187,0.099255,1.467877,0.957129,0.644806
-0.018318,0.34952,1.461882,0.87509,0.640878
-0.010467,0.199726,1.460746,0.87509,0.640878
-0.004358,0.04981,1.460174,0.94017,0.642445
-0.026147,0.298858,1.457813,0.943497,0.642445
-0.007854,0.449931,1.455234,0.875467,0.640097
0.002618,0.149977,1.457328,0.845701,0.640097
-0.00785,0.149794,1.454548,0.909102,0.640878
0,0,1.452452,0.911963,0.640878
-0.004363,0.249962,1.452356,0.879279,0.640097
0.026168,0.499315,1.459964,0.820498,0.640878
0.018318,0.34952,1.465638,0.813403,0.620851
0.000873,0.049992,1.463695,0.83751,0.620094
-0.018318,0.34952,1.460922,0.900398,0.640878
-0.018318,0.34952,1.457605,0.904927,0.640878
-0.008726,0.499924,1.456456,0.873848,0.640097
-0.005236,0.299954,1.456717,0.848008,0.640097
-0.026147,0.298858,1.454836,0.947691,0.642445
-0.042654,0.347391,1.455404,1.074203,0.644806
-0.018318,0.34952,1.444253,0.923159,0.640878
-0.026168,0.499315,1.441807,1.063231,0.660906
-0.026147,0.298858,1.441189,5,0.662521
-0.008726,0.499924,1.434748,5,0.660101
0.005234,0.099863,1.442248,1.042993,0.660906
0.043578,0.498097,1.451339,1.009129,0.642445
0.006981,0.399939,1.443821,5,0.640097